position,stable_bits,released_bits,pending_underflow,low,high_inclusive,residual_width,residual_information_bits,selected_frequency,selected_information_bits,effective_interval_information_bits,table_entropy_bits
1,0,0,0,0,2300903423,2300903424,0.9004467155331248,35109,0.9004467155331255,0.9004467155331255,2.6743532331510416
2,5,5,0,69064544,3283363711,3214299168,0.41814293320994267,2861,4.517696217676817,4.517696217676817,3.270883970060572
3,6,1,0,138129088,3061387433,2923258346,0.5550698115591217,29801,1.1369268779901225,1.1369268783491797,2.677384107316389
4,7,1,0,276258176,3427003971,3150745796,0.4469537844364915,35318,0.8918839725881148,0.8918839728773702,2.263054554476411
5,11,4,1,632838208,4080504863,3447666656,0.31702685447071133,2241,4.870073066489606,4.870073070034219,3.2268981319144188
6,11,0,1,632838208,3909320974,3276482767,0.39049920226951684,62282,0.07347234745695568,0.07347234779880436,0.41799207251694925
7,11,0,1,632838208,3487261838,2854423631,0.5894476819120165,57094,0.1989484795045906,0.19894847964249948,0.9620961076641149
8,19,8,0,136497152,3370023935,3233526784,0.40953858542416555,580,6.8200909099850655,6.820090903512149,1.7670360324654766
9,19,0,0,136497152,3278449446,3141952295,0.45098586999315415,63680,0.041447284568988815,0.041447284568988815,0.23463651517939213
10,19,0,1,1064091344,3761042397,2696951054,0.6713178071588892,28127,1.2203319361210538,1.2203319371657355,1.6631148915744642
11,23,4,1,849430240,3956586495,3107156256,0.4670523509370277,4719,3.795734543863157,3.795734543778139,2.4453011884405065
12,23,0,1,849430240,3888835544,3039405305,0.4988580747978837,64107,0.03180572360799663,0.03180572386085702,0.21634431647339133
13,23,0,1,849430240,2711817306,1862387067,1.2054942011470366,40157,0.7066361262312701,0.7066361263491528,1.9642926543209793
14,23,0,1,849430240,2707298880,1857868641,1.2089986451959298,65377,0.0035044437801235195,0.0035044440488931025,0.03061179933000977
15,25,2,0,1698860480,4133967907,2435107428,0.8186617258933495,42949,0.6096630795835801,0.6096630806974191,1.7740997474961873
16,25,0,0,1698860480,3525711245,1826850766,1.2332883598563846,49166,0.41462663390914634,0.4146266339630344,0.8761518901082421
17,26,1,2,685255656,3634040767,2948785112,0.5425264538778052,13223,2.3092380915540263,2.3092380940214214,1.986007632336876
18,26,0,2,685255656,3606098940,2920843285,0.5562621921666064,64915,0.013735738140173754,0.013735738288799234,0.08230033599687193
19,29,3,0,38638268,2478497959,2439859692,0.815848960305896,27372,1.2595867679667065,1.2595867681392898,1.4684174409334165
20,29,0,4,1146897008,4065674463,2918777456,0.5572829301597508,4900,3.7414339661100673,3.7414339698538566,2.450161071155436
21,29,0,5,146310368,3767792759,3621482392,0.246066785219206,40657,0.6887838549678359,0.6887838550594535,1.5562896458494477
22,29,0,5,146310368,2672384960,2526074593,0.7657499046070875,45713,0.5196831188767875,0.5196831193878825,1.3990929708270412
23,37,8,0,512767928,3597588519,3084820592,0.47746055892699957,10004,2.71171065781903,2.711710654319913,2.9994300634549704
24,38,1,0,1025535856,4118735017,3093199162,0.4735474187038058,32857,0.9960868590519122,0.9960868597768043,1.8366589242448386
25,38,0,0,1025535856,2218713266,1193177411,1.847838575788117,25280,1.3742911569355347,1.374291157084313,2.865548627021677
26,39,1,1,1954659776,3261955167,1307295392,1.7160619816034242,17951,1.8682234056581632,1.8682234058153064,3.0665601797138637
27,39,0,1,1954659776,3233868742,1279208967,1.747395189042603,64128,0.0313332068047916,0.031333207439180555,0.16436774803879545
28,43,4,1,980433456,2199054879,1218621424,1.8173971369919144,3902,4.070001937390973,4.070001947949309,3.0826096625708184
29,43,0,1,980433456,2159355221,1178921766,1.8651791626822671,63401,0.04778202482304017,0.047782025690354696,0.24395573269439885
30,54,11,0,1927118848,3566557183,1639438336,1.3894455071800174,89,9.524266569033601,9.524266344497748,2.016661749053479
31,54,0,0,1927118848,3387193583,1460074736,1.5566049286228036,58366,0.16715942113400695,0.1671594214427872,0.7129356981748965
32,54,0,1,1706754048,4242947707,2536193660,0.7599822342689286,56919,0.20337730482146874,0.2033773056461238,0.7402946554189245
33,54,0,1,1706754048,3847325334,2140571287,1.0046512639062186,55313,0.2446690291153925,0.24466902963728845,1.1170674725648586
34,54,0,1,1706754048,3368264068,1661510021,1.3701521516877335,50869,0.3655008869581136,0.36550088778151546,1.3038145963202665
35,54,0,3,384565248,2456483655,2071918408,1.0516799550990683,20431,1.6815278016102575,1.6815278034113361,2.8443806363744337
36,61,7,0,1767993472,4284038911,2516045440,0.7714891683630398,4974,3.7198092077830935,3.7198092132639706,3.4477022207275834
37,62,1,0,2100211054,3323604365,1223393312,1.8117588516742238,15933,2.040269685186019,2.0402696833111844,2.0767963774512777
38,62,0,2,1958393272,3229052691,1270659420,1.757069755262389,17017,1.945310899913667,1.9453109035881644,3.048405087633445
39,66,4,1,988433824,4106140647,3117706824,0.46216187655646834,20100,1.7050921190463466,1.7050921212940817,2.128029501600984
40,66,0,1,988433824,2432209524,1443775701,1.5728005174935475,30349,1.1106386400094297,1.1106386409370796,2.788259627208307
41,73,7,0,245458112,2399842175,2154384064,0.9953716826513812,1528,5.422571171964251,5.422571165157831,1.7559425804110615
42,74,1,0,490916224,2967787281,2476871058,0.7941283799025882,37673,0.7987566969929675,0.7987566972512096,2.308812306163455
43,75,1,0,981832448,4087143017,3105310570,0.46790958275561323,41082,0.6737812021867079,0.6737812028530241,0.9971524569952707
44,76,1,0,505439744,3008887903,2503448160,0.7787305648022809,26417,1.3108209816806866,1.3108209820466672,1.7692694020849
45,76,0,2,1306648568,3817736643,2511088076,0.7743345142263216,16434,1.9956039485734656,1.9956039494240392,1.969736389182768
46,76,0,2,1306648568,3808387499,2501738932,0.7797159005389389,65292,0.005381386218993227,0.005381386312618701,0.04740982673699421
47,76,0,3,465813488,2835090349,2369276862,0.8582003513630134,31033,1.0784844496581967,1.0784844508240752,2.8062111796335
48,76,0,5,354289908,2473248275,2118958368,1.0192919032163381,14653,2.1610915536163717,2.161091551853323,1.8653116078922443
49,82,6,0,708579816,3277674571,2569094756,0.7413870438286345,39729,0.7220951399668353,0.7220951406122976,2.324380670953045
50,83,1,0,1417159632,3452725033,2035565402,1.077217570507198,25963,1.3358305254393863,1.3358305266785637,2.924545214195182
51,85,2,0,2094563700,4055832951,1961269252,1.1308595371231789,15786,2.053641966112955,2.053641966615981,1.7315245011785514
52,86,1,2,1814816976,3601554335,1786737360,1.265319563829589,7463,3.1344600292143023,3.134460026706408,2.70120429513204
53,92,6,0,1112408816,3860128207,2747719392,0.6444124680734618,6299,3.3790929041146627,3.3790929042438744,1.4930711108960453
54,92,0,1,77333984,3935109201,3857775218,0.1548780620679615,46006,0.5104655939382571,0.5104655939944988,1.1014587078563323
55,92,0,4,462643648,3959223359,3496579712,0.296702751137186,7425,3.1418246894245097,3.1418246890692245,3.209380913415082
56,92,0,6,480554468,3108324607,2627770140,0.708808062281026,12313,2.412105310470435,2.4121053111438404,2.6747137055587933
57,92,0,6,480554468,3038155574,2557601107,0.7478558723444984,63786,0.03904781004894244,0.03904781006347146,0.2390327983238686
58,92,0,6,480554468,2757130098,2276575631,0.9157817575302545,58335,0.16792588495727312,0.16792588518575818,0.6608315501459112
59,100,8,1,223539568,2619613183,2396073616,0.841974912425183,8622,2.9261931528215075,2.9261931548949285,3.379728509019626
60,100,0,3,2032741512,3558220263,1525478752,1.4933850608842683,10431,2.651410147551216,2.651410148459082,1.772451962224599
61,100,0,4,1917999376,4072980191,2154980816,0.9949721197549835,46290,0.5015870578207465,0.5015870588707161,1.2360600299138733
62,100,0,5,1688515104,4283593929,2595078826,0.7268687846359327,39460,0.731896664389079,0.7318966648809512,2.2448714758181296
63,100,0,5,1688515104,3947290149,2258775046,0.9271065477840033,57043,0.20023776259389767,0.20023776314806863,0.8888398439651822
64,100,0,5,1688515104,3918166233,2229651130,0.9458291544301147,64691,0.018722606200770806,0.01872260664611109,0.11656716381945546
65,107,7,0,713037300,2464750515,1751713216,1.2938805444313317,12872,2.3480513892765535,2.348051390001217,3.102451765718067
66,108,1,1,704665552,3130805459,2426139908,0.8239843973864005,22692,1.5301038513290823,1.5301038529550681,2.2323320737836405
67,108,0,1,704665552,2814951185,2110285634,1.025208860415077,57004,0.2012244629680921,0.20122446302867922,0.7710358138192629
68,108,0,1,704665552,2321641005,1616975454,1.4093493674255768,50216,0.38414050641691944,0.3841405070104972,0.9349453539977842
69,108,0,1,704665552,2314559828,1609894277,1.4156811974601524,65249,0.006331829206283435,0.006331830034575565,0.05176545407872921
70,108,0,1,704665552,2314068527,1609402976,1.4161215404704919,65516,0.0004403427806028656,0.0004403430103423194,0.005086360513452917
71,110,2,1,671178560,4067977563,3396799004,0.33847129268079357,34580,0.9223497514703559,0.9223497522103012,2.0821323585467235
72,110,0,1,671178560,2831029805,2159851246,0.9917151919806315,41671,0.6532438989142835,0.6532438992998366,0.9945606643031341
73,110,0,1,671178560,2668882769,1997704210,1.104304159658593,60616,0.11258896744681551,0.11258896767796138,0.5036215622350395
74,110,0,1,671178560,2549208288,1878029729,1.1934272451405832,61610,0.08912308479795664,0.08912308548199054,0.49117054972660124
75,112,2,0,1342357120,4080424509,2738067390,0.6494891910094687,47774,0.4560619452622604,0.4560619458688867,1.6944333767132573
76,114,2,2,797812768,4158897439,3361084672,0.3537202587275914,5028,3.704231065579492,3.704231067718122,1.2878614260627943
77,114,0,2,797812768,3963394894,3165582127,0.4401763210798926,61724,0.08645606221700114,0.08645606235230012,0.4028839313816172
78,114,0,4,935506616,4063026015,3127519400,0.4576283125588603,16187,2.0174519903485746,2.0174519914789673,2.958809958206496
79,114,0,4,935506616,3613340112,2677833497,0.6815808868153894,56113,0.22395257398682344,0.22395257425652962,0.9759690093421072
80,114,0,4,935506616,3055390032,2119883417,1.0186622200652522,51881,0.33708133282051966,0.3370813332498639,1.2756265705935994
81,114,0,4,935506616,2479001442,1543494827,1.4764464982236127,47717,0.4577842777773139,0.4577842781583596,1.3623810575419413
82,114,0,4,935506616,2339174037,1403667422,1.6134459948930306,59599,0.1369994962588213,0.1369994966694191,0.6244900532908749
83,114,0,4,935506616,2338788508,1403281893,1.6138422975814635,65518,0.0003963024539395264,0.0003963026884340474,0.004668654543719633
84,114,0,4,935506616,2337054105,1401547490,1.6156265165725365,65455,0.0017842189647608187,0.0017842189910696013,0.017364888026146837
85,114,0,4,935506616,2336711930,1401205315,1.6159787803734567,65520,0.0003522634716290214,0.00035226380092331493,0.004227909891679893
86,119,5,0,1871013232,3249255677,1378242446,1.63981745182085,32231,1.0238386702578675,1.0238386714473926,2.3954050924329833
87,119,0,1,1594542816,4194183649,2599640834,0.7243348315293723,61807,0.08451737951528264,0.08451737970852252,0.3269001420186099
88,119,0,1,1594542816,4179943062,2585400247,0.7322595039016591,65177,0.007924671944628658,0.007924672372285453,0.060601466776893306
89,119,0,2,1041601984,3787879643,2746277660,0.6451696507347364,34807,0.9129101462808018,0.9129101468330788,1.56422347208617
90,119,0,2,1041601984,3763030054,2721428071,0.6582832407546846,64943,0.013113589920257945,0.013113590019947408,0.09287413363497549
91,126,7,0,136355584,3128863391,2992507808,0.5212921345849182,2252,4.86300888791977,4.863008893830232,2.5974636508267483
92,129,3,1,124480848,2351327471,2226846624,0.9476449513432073,3048,4.426352812506678,4.426352816758289,2.190456044308792
93,129,0,1,124480848,2304742285,2180261438,0.9781460051897923,64165,0.030501053561935623,0.03050105384658616,0.20599812175981427
94,129,0,1,124480848,2271840085,2147359238,1.0000835819585738,64547,0.021937576594319497,0.02193757676878055,0.14870562845223817
95,131,2,0,248961696,3876496809,3627535114,0.24365756658085758,55355,0.24357398457448773,0.24357398462228347,0.6919764089740333
96,132,1,0,120423902,2883142599,2762718698,0.6365584726294564,24956,1.3929009059064479,1.3929009060486,1.4241026862523731
97,134,2,3,530811072,3970719615,3439908544,0.32027693715369665,2550,4.68371846825378,4.683718464524239,1.0712483789215241
98,134,0,3,530811072,3969932282,3439121211,0.3206071818132017,65521,0.00033024448458043404,0.0003302446595067363,0.0039922782726164955
99,134,0,3,530811072,3938498663,3407687592,0.33385406694401354,64937,0.013246884811719163,0.013246885130812597,0.08403345318828745
100,134,0,3,530811072,3937666708,3406855637,0.3342063304247418,65520,0.0003522634716290214,0.0003522634807268916,0.004227909891679893
101,138,4,3,1528515856,3716855007,2188339152,0.9728107995693378,2631,4.638604466834111,4.638604469144596,2.275544143265911
102,138,0,3,1528515856,3544822485,2016306630,1.0909320925222978,60384,0.11812129239955463,0.11812129295295976,0.4664822710678556
103,138,0,3,1528515856,3544237923,2015722068,1.091350415291089,65517,0.000418322449221962,0.0004183227687934576,0.004934802732935719
104,138,0,4,909548064,2815835023,1906286960,1.1718818365207326,30989,1.0805314198445302,1.0805314212296422,1.460145708232918
105,144,6,2,314334784,2794927919,2480593136,0.7919620205417282,5330,3.620080182353462,3.6200801840209973,0.699310446035401
106,144,0,3,675399544,2767794387,2092394844,1.0374920259152027,27640,1.2455300047243791,1.2455300053734737,1.7955142452029569
107,144,0,3,675399544,2605890482,1930490939,1.1536793631871909,60465,0.11618733654040192,0.11618733727198582,0.45495716370126127
108,144,0,4,1056923728,2643769841,1586846114,1.4364849178617938,26935,1.2828055552735422,1.282805554674604,1.5856572948815841
109,153,9,2,1625047936,3503229055,1878181120,1.1933109518578924,606,6.756826016527049,6.7568260339960995,0.7559267869408824
110,153,0,2,1625047936,3475745295,1850697360,1.2145781518990937,64577,0.021267200025975454,0.02126720004120086,0.12032180573325812
111,153,0,3,1102612224,3899837813,2797225590,0.6186505373729609,49527,0.4040723852283267,0.4040723854738664,0.8092230076210063
112,153,0,4,57740800,2453240813,2395500014,0.8423203241119062,28062,1.2236697858599028,1.223669786738947,2.0489007359373335
113,153,0,4,57740800,2155704037,2097963238,1.0336577478029234,57396,0.19133742329253833,0.19133742369101786,0.8986740637864162
114,158,5,2,367402064,2195180823,1827778760,1.2325556933242368,7137,3.198897942853709,3.198897945521312,3.538815958904534
115,164,6,0,430619600,2963449727,2532830128,0.7618968244746185,5676,3.5293411259394487,3.529341131150381,2.9750946959989997
116,165,1,0,861239200,3028382701,2167143502,0.9868524583093539,28037,1.2249556333227751,1.2249556338347367,2.6836465511300025
117,165,0,0,861239200,2725182341,1863943142,1.20428929353535,56367,0.21743683495291719,0.21743683522599566,0.6341054674188132
118,166,1,2,447462656,4281378903,3833916248,0.16382832437408368,16850,1.959539029043417,1.9595390308387333,3.282659177314374
119,166,0,2,447462656,4066154020,3618691365,0.24717907924597426,61857,0.0833507545318564,0.08335075487189149,0.33105033316401494
120,166,0,2,447462656,4033465645,3586002990,0.26027045489156464,64944,0.013091375302306687,0.013091375645588776,0.09553662667369098
121,166,0,2,447462656,4029908970,3582446315,0.26170206097184234,65471,0.0014316057211096818,0.0014316060802791537,0.014908290213740044
122,172,6,0,1307355520,4079903087,2772547568,0.6314349334070961,3170,4.369732874973231,4.369732872435254,2.720135612571772
123,172,0,0,1307355520,3489442173,2182086654,0.9769387515869745,51579,0.34550381764188215,0.34550381817987663,1.300704704544266
124,172,0,1,467227392,3846771387,3379543996,0.34581855012496376,50750,0.36887979815273675,0.3688797985379907,0.8010063798927175
125,177,5,0,797497056,3701792671,2904295616,0.56445883936345,3520,4.21864028647534,4.218640289238486,1.9442744027375467
126,180,3,0,971366784,3992656735,3021289952,0.50748250043209,8522,2.943023663821781,2.943023661068639,3.6600688999970297
127,180,0,0,971366784,3880308047,2908941264,0.5621529795141278,63099,0.05467047905370609,0.05467047908203925,0.2564884328431424
128,181,1,1,1971458628,3537074107,1565615480,1.4559172202398933,8818,2.8937642383842523,2.8937642407257664,1.3650448285073635
129,181,0,1,1971458628,3536333535,1564874908,1.4565998095082406,65505,0.0006825886112264284,0.0006825892683446058,0.007586718627533878
130,190,9,0,1717698560,3392603647,1674905088,1.3585678014590492,274,7.901967917039474,7.901967991950811,2.0235858601410857
131,190,0,0,1717698560,3381971925,1664273366,1.3677547225221574,65120,0.009186920846390613,0.009186921063106025,0.07181152441618352
132,190,0,2,428343296,3011603547,2583260252,0.73345415011649,25431,1.365699427526911,1.3656994275943346,2.657444354714718
133,190,0,2,428343296,2206739181,1778395886,1.272070629948626,45117,0.5386164797753435,0.5386164798321357,1.2656079411581382
134,190,0,2,428343296,2204242653,1775899358,1.2740973209858666,65444,0.002026690572445132,0.0020266910372398386,0.018288385548212008
135,193,3,0,856686592,3825714133,2969027542,0.5326566695559549,54783,0.2585593480798725,0.25855934857008794,0.9197705273630677
136,193,0,0,856686592,3720654702,2863968111,0.5846317170841573,63217,0.05197504752729384,0.051975047528200785,0.2923746709662739
137,193,0,0,856686592,3711608660,2854922069,0.5891957812318331,65329,0.004564064074153165,0.004564064147675785,0.04040214871047078
138,193,0,0,856686592,3422614015,2565927424,0.7431667809314426,58902,0.1539709992794506,0.1539709996996117,0.7951048381075861
139,193,0,0,856686592,3309657767,2452971176,0.8081168646197234,62651,0.06495008323338948,0.06495008368828047,0.3723872509042819
140,200,7,3,938674176,2433453055,1494778880,1.5227150611364983,39,10.714597781137751,10.714598196516773,0.4255664954134145
141,207,7,2,1028283264,3549262847,2520979584,0.7686627113481137,1727,5.245947632471076,5.245947650211618,0.8389494402725025
142,213,6,0,1017410480,4164326639,3146916160,0.44870840308234605,5113,3.6800456893130566,3.680045691734231,2.2730305326135563
143,213,0,0,1017410480,3141972635,2124562156,1.0154815943883193,44245,0.5667731908543758,0.566773191305974,1.8524249996867865
144,214,1,1,1922158272,3576266843,1654108572,1.376593213109608,12756,2.361111617747739,2.361111618721286,3.636386454497695
145,220,6,0,137270272,3859014559,3721744288,0.20666821127965562,4608,3.830074998557688,3.830074998170048,3.728656746305179
146,220,0,0,137270272,3460978277,3323708006,0.3698535018114377,58527,0.16318529011743063,0.16318529053178177,0.8509442152639779
147,225,5,1,153511936,4048482239,3894970304,0.14103481706832355,1200,5.77118130950412,5.771181315256886,0.1650763042776021
148,231,6,0,1203747072,4280925759,3077178688,0.4810389243746229,1618,5.340004107570023,5.340004107306302,3.082159865054799
149,235,4,0,660303056,2648899727,1988596672,1.1108964481779111,2647,4.6298575205046015,4.629857523803286,2.1180024918952856
150,235,0,0,660303056,2308262729,1647959674,1.3819662061819464,54310,0.2710697571884369,0.27106975800403527,0.7428696673452378
151,235,0,0,660303056,2306326497,1646023442,1.3836622638287288,65459,0.0016960575738423276,0.0016960576467837177,0.017378639230155087
152,242,7,0,641061760,2968641663,2327579904,0.8838164507857016,724,6.500154112916794,6.500154186956971,3.0289484023245783
153,244,2,2,1643137728,3630331807,1987194080,1.1119143652328844,3497,4.228097919302284,4.2280979144471855,3.261659685401947
154,244,0,4,130099968,2612879679,2482779712,0.7906908838963851,20470,1.6787765180892271,1.6787765186634982,3.014967910539069
155,251,7,2,1243129600,3964731359,2721601760,0.6581911669403482,2245,4.867500270371491,4.867500283043965,2.1376888392474522
156,251,0,3,338775552,2942353747,2603578196,0.7221514086586183,31347,1.063960240970965,1.0639602417182694,2.355526875961471
157,256,5,2,999029584,3465309711,2466280128,0.8003104710402908,3880,4.07815906292551,4.078159062381673,0.8017845771670975
158,256,0,2,999029584,3061174849,2062145266,1.0585011803513709,54797,0.2581907090822025,0.25819070931107846,0.9329194965555485
159,256,0,2,999029584,2682892524,1683862941,1.3508724318295862,53514,0.29237125065004327,0.2923712514782157,0.9232659965058196
160,259,3,0,1998059168,3586187345,1588128178,1.435319788758168,30905,1.0844473554065674,1.084447356928584,2.132371752338682
161,264,5,0,370077728,2594852991,2224775264,0.948987536625939,2869,4.513667747231335,4.513667747867771,3.0428244905420363
162,266,2,0,273875924,3138083971,2864208048,0.5845108563038224,21093,1.6355233201353432,1.6355233196778833,2.7267865064864334
163,266,0,0,273875924,2922708951,2648833028,0.6972902412524391,60608,0.11277938453161501,0.11277938494861499,0.4758448619486809
164,269,3,1,1353817632,3657966079,2304148448,0.8984134785849314,3563,4.201123231866701,4.201123237332492,1.9814396818897984
165,272,3,0,676318412,2256623351,1580304940,1.4424441743344865,11237,2.544030697241969,2.5440306957495555,2.959886104314876
166,277,5,1,663034368,2869905535,2206871168,0.9606447351151033,1430,5.518200568334248,5.518200560780618,2.8091988745392396
167,277,0,1,663034368,2584584193,1921549826,1.1603767598856614,57063,0.19973202405055626,0.1997320247705595,0.5987450385013854
168,281,4,0,325731112,2515387799,2189656688,0.9719424557973255,9335,2.8115656928864357,2.8115656959116633,1.8341350803790546
169,282,1,0,651462224,2319364777,1667902554,1.3646121431829954,24960,1.3926696862503893,1.3926696873856699,3.1287623919524123
170,282,0,0,651462224,2201963127,1550500904,1.4699127789178057,60923,0.10530063498519307,0.10530063573481117,0.570950134189436
171,284,2,0,673540628,2792703639,2119163012,1.0191525778607335,22393,1.549239800826722,1.549239798942928,2.49684665767615
172,284,0,0,673540628,2164902890,1491362263,1.5260164044537596,46121,0.5068638264677945,0.5068638265930254,1.382220830886344
173,285,1,0,1347081256,3258480819,1911399564,1.1680177514001429,41997,0.6420013458854502,0.6420013469463823,1.2124741143308135
174,285,0,1,546678864,2215886929,1669208066,1.3634833488463514,28616,1.1954655970047745,1.1954655974462085,3.0449305570108693
175,290,5,1,124948544,3821983615,3697035072,0.21627841626719402,4536,3.852795075057771,3.8527950674208427,2.51510852205683
176,290,0,3,928810028,2750926615,1822116588,1.2370318731810457,8075,3.0207534555313504,3.020753456913853,3.1881703462743296
177,297,7,1,17349920,2373289727,2355939808,0.866344465847579,2648,4.6293125931927825,4.6293125926665315,2.5282288876428454
178,299,2,1,1100364120,3663512743,2563148624,0.7447300103842096,17825,1.8783855437813872,1.8783855445366315,2.6866220587262255
179,299,0,3,460203056,2335788311,1875585256,1.1953063028422015,11989,2.4505762915738654,2.4505762924579915,3.204190866373045
180,304,5,0,1840812224,3607415715,1766603492,1.2816688776673217,15432,2.0863625719508967,2.0863625748251184,3.238741854536308
181,308,4,0,876645616,2813612479,1936966864,1.1488478722748319,4491,3.8671789932204272,3.8671789946075124,1.5389934809406134
182,309,1,0,1753291232,3237641051,1484349820,1.5328160108578643,25111,1.3839681379855362,1.3839681385830311,2.8273972071700517
183,309,0,1,1359098816,3899272169,2540173354,0.7577201890076388,56076,0.2249041774140442,0.22490417814977418,0.9736943647588849
184,314,5,1,264805152,2942653919,2677848768,0.6815726595177694,2159,4.9238524719774945,4.923852470510133,2.5516084181984917
185,316,2,0,529610304,3410863781,2881253478,0.5759505589740357,35257,0.8943778987491977,0.8943778994562661,2.147049871340096
186,317,1,0,1059220608,3244692871,2185472264,0.974702077129951,24855,1.3987515171700295,1.3987515181559131,2.6831344611344736
187,321,4,2,1749491776,3653243007,1903751232,1.1738021756703283,892,6.199100100079695,6.19910009854038,1.356794498801457
188,325,4,0,1689052012,3986009675,2296957664,0.9029228798508484,19768,1.7291207046712156,1.7291207041805208,2.2328927746293674
189,330,5,1,835293184,3017851583,2182558400,0.9766268886020164,973,6.073704005218889,6.073704008751166,2.9029597763695483
190,330,0,1,835293184,2986080331,2150787148,0.9977823900669947,64582,0.021155500876740042,0.021155501464978525,0.1316131012241204
191,330,0,4,1794260936,3547288983,1753028048,1.2927980669802963,6677,3.2950156751070208,3.295015676913302,3.153170497833596
192,330,0,4,1794260936,3546299266,1752038331,1.2936128075251752,65499,0.0008147398470877202,0.0008147405448791583,0.008987428547177097
193,330,0,4,1794260936,3526248778,1731987843,1.310218342337766,64786,0.01660553438911302,0.016605534812588862,0.12135283463048369
194,330,0,6,734592800,2606754951,1872162152,1.1979417507531416,17710,1.8877234083607235,1.887723408415377,2.9208602443494205
195,340,10,0,773047152,2272239503,1499192352,1.5184616476690884,3280,4.320519900494554,4.320519896915946,0.5378615075086663
196,340,0,0,773047152,2262585890,1489538739,1.527781501220236,65114,0.009319853417784537,0.009319853551149516,0.0755279022532201
197,342,2,0,2137319196,4268439651,2131120456,1.011035006031328,23441,1.4832535035799994,1.48325350481109,1.5840472768055351
198,342,0,0,2137319196,3415191517,1277872322,1.7489034487110473,39297,0.737868441562729,0.7378684426797213,1.075552359349151
199,342,0,0,2137319196,3374790036,1237470841,1.7952526151975086,63464,0.046349166350692056,0.0463491664864602,0.2697643665672804
200,342,0,2,2106825840,3941279683,1834453844,1.2272965400754217,24288,1.4320439245845338,1.432043924877914,2.854667249475176
201,342,0,2,2106825840,3936801035,1829975196,1.2308230520674321,65376,0.0035265112667726534,0.00352651199201022,0.0324538484042506
202,342,0,2,2106825840,3934315869,1827490030,1.2327836105385117,65447,0.0019605579105596736,0.001960558471079937,0.019831125526685756
203,342,0,2,2106825840,3755571192,1648745353,1.3812785527769798,59126,0.14849494144307343,0.1484949422384691,0.6182821360266446
204,345,3,1,931927904,2149870107,1217942204,1.8182014725239668,12103,2.4369229243001143,2.4369229197469857,3.0666282312319795
205,347,2,0,1863855808,4210163777,2346307970,0.8722547559929197,63126,0.054053283304875126,0.05405328346895296,0.2567898869053248
206,347,0,0,1863855808,3979814877,2115959070,1.0213354250264182,59102,0.14908066870661404,0.14908066903349804,0.617795632576347
207,349,2,1,320896616,3319710679,2998814064,0.5182550727104172,11610,2.4969196482470712,2.4969196476840003,3.3628082670295516
208,349,0,1,320896616,2160607910,1839711295,1.2231677634008449,40205,0.7049126905229031,0.7049126906904254,1.2589801853528941
209,351,2,0,641793232,3258418737,2616625506,0.7149396867777895,46606,0.4917719228021327,0.4917719233769454,1.8407509940429558
210,352,1,0,1283586464,3404883355,2121296892,1.0177005946214628,26565,1.3027609076395672,1.3027609078436722,2.99919724852662
211,352,0,1,419689280,2398629851,1978940572,1.1179188574121532,30569,1.1002182621621408,1.1002182627906927,2.642050584859496
212,359,7,2,1008427264,2198883839,1190456576,1.8511321492879205,154,8.733213459305098,8.733213291875767,0.8907833341756655
213,362,3,0,2016854528,4259750571,2242896044,0.9372843915196718,61737,0.08615224100057052,0.08615224223175037,0.3883358194147172
214,362,0,0,2016854528,3889208647,1872354120,1.1977938270899848,54709,0.2605094348310628,0.2605094355703131,0.8805212569337261
215,362,0,0,2016854528,3848896579,1832042052,1.2291945271227824,64125,0.03140069973085892,0.03140070003279649,0.20101190724341483
216,362,0,0,2016854528,3844228136,1827373609,1.232875520943935,65369,0.0036809931252891866,0.003680993821153466,0.03335416927570091
217,367,5,0,988654176,3396004735,2407350560,0.8352009026858198,2698,4.602325367051733,4.602325381741884,2.510515534649102
218,369,2,1,1715277936,4272794039,2557516104,0.7479038217468315,8703,2.9127029190808464,2.9127029190610148,3.4236165056961063
219,369,0,2,1283072224,4265097911,2982025688,0.5263544605618726,38207,0.7784506382075753,0.7784506388150382,1.9348702212293036
220,369,0,2,1283072224,3487558009,2204485786,0.9622049711845619,48448,0.43585051001426833,0.43585051062268937,1.597549593238216
221,369,0,4,798657880,2297826619,1499168740,1.5184843700259094,11142,2.556279399343423,2.556279398841348,3.453398123241438
222,369,0,4,798657880,2294486796,1495828917,1.5217019672520884,65390,0.0032175971660184,0.0032175972261806367,0.029015437199531785
223,374,5,0,1597315760,3239906453,1642590694,1.3866741163052403,35983,0.8649721474605002,0.8649721490531512,2.3087056309241625
224,374,0,1,1047147872,4278642287,3231494416,0.4104456473627849,64465,0.023771530168926358,0.02377153105754471,0.13819595050039596
225,376,2,1,946094376,2412534867,1466440492,1.5503286181431442,7435,3.139882973060219,3.1398829707803606,2.789490523732021
226,376,0,1,946094376,2411416061,1465321686,1.5514297278841624,65486,0.001101109058724726,0.0011011097410170822,0.011615194318085728
227,376,0,1,946094376,2405982815,1459888440,1.5567890188318252,65293,0.005359290342117367,0.005359290947663174,0.04459319345205118
228,376,0,1,946094376,2399723222,1453628847,1.5629881910243846,65255,0.0061991716593663634,0.00619917219255689,0.045137431265724344
229,376,0,1,946094376,2397970953,1451876578,1.5647283289579335,65457,0.0017401375958717572,0.00174013793355125,0.017567432411167275
230,376,0,1,946094376,2290214488,1344120113,1.6759850803028549,60672,0.1112567511017409,0.11125675134491904,0.4405769821318288
231,379,3,0,1886577548,4009982139,2123404592,1.0162678584919327,25883,1.3402827761384053,1.3402827781890807,1.6793252936892102
232,384,5,0,1634606656,4155112767,2520506112,0.7689336932568622,2431,4.752665821971271,4.752665834764927,1.1819917767870127
233,385,1,0,999235148,2172030455,1172795308,1.8726959092051878,15247,2.1037622145548167,2.1037622159483274,2.8313573531649134
234,388,3,1,1047099968,3264988751,2217888784,0.9534601226216459,7746,3.080764213971653,3.0807642134164572,2.2845321512986962
235,390,2,0,2094199936,4028287215,1934087280,1.1509942449001471,28575,1.1975341220107971,1.1975341222785016,1.912167828052517
236,390,0,1,2040916224,3559713033,1518796810,1.4997182721008109,25732,1.3487240266533613,1.3487240272006633,3.1109181628452083
237,390,0,1,2040916224,3463513607,1422597384,1.594119730314965,61385,0.09440145784236618,0.09440145821415313,0.3587831962488434
238,390,0,2,1934348800,4256271891,2321923092,0.8873269587489929,53483,0.2932072282479003,0.2932072284340281,1.0299069059086932
239,390,0,2,1934348800,3907430723,1973081924,1.122196286812482,55690,0.23486932781562594,0.23486932806349095,0.7877773078021948
240,390,0,2,1934348800,3905865167,1971516368,1.123341457919313,65484,0.001145170906201281,0.0011451711068304216,0.011710624591494544
241,390,0,2,1934348800,3904240687,1969891888,1.1245306924367782,65482,0.0011892340994270377,0.0011892345174659526,0.012158245087767817
242,390,0,2,1934348800,3512402450,1578053651,1.4445008907790609,52500,0.3199701976717903,0.3199701983422809,0.7400890934797558
243,390,0,2,1934348800,3500651806,1566303007,1.4552838117949243,65048,0.010782920685637996,0.010782921015865156,0.07299354701924496
244,398,8,1,26687488,3376495615,3349808128,0.3585686834912245,1095,5.903284845511465,5.903284871696298,2.772967452659334
245,400,2,5,1423615936,4001397951,2577782016,0.7365168752281512,788,6.377948180543624,6.3779481917369285,2.9519644712144513
246,400,0,5,1423615936,3509292378,2085676443,1.042131780239007,53025,0.3056149046947203,0.3056149050108559,1.3459515051412387
247,407,7,1,651509248,4141045535,3489536288,0.29961181142723703,13706,2.257480028338701,2.2574800311882304,3.3306675462184017
248,409,2,0,531664990,3695654633,3163989644,0.4409022682555914,29711,1.1412904568537356,1.1412904568283544,1.2968425723934032
249,409,0,0,531664990,3485642503,2953977514,0.5399883018217189,61186,0.09908603356404126,0.09908603356612793,0.5151546512283172
250,409,0,2,307191036,4023281767,3716090732,0.20886141904870925,20611,1.668873117512142,1.6688731172269888,1.9709986298180089
251,409,0,2,307191036,2703858621,2396667586,0.8416173226694639,42267,0.6327559031307461,0.6327559036207561,1.0739815800365193
252,412,3,0,614382072,2169714597,1555332526,1.4654240882786844,21265,1.623806765486874,1.623806765609219,3.0761052583125217
253,412,0,0,614382072,2159129906,1544747835,1.4752757945420427,65090,0.009851706223742459,0.009851706263359437,0.07671795452426114
254,412,0,7,2084405632,3638204799,1553799168,1.4668471017625642,515,6.991571377929419,6.99157130722052,2.526073544897702
255,412,0,7,2084405632,3342599818,1258194187,1.7712925441449343,53068,0.30444544223904185,0.3044454423823718,0.9927928140113005
256,412,0,8,2021327616,4138156397,2116828782,1.0207425631817273,55130,0.2494500190215263,0.24945001903679273,1.1059791422862921
257,412,0,9,1895171584,4133772283,2238600700,0.9400499289011712,34653,0.9193073648335021,0.9193073657194417,1.9421275210516407
258,412,0,9,1895171584,3486540134,1591368551,1.4323791525036178,46588,0.492329222865633,0.49232922360244663,1.182237109578846
259,412,0,9,1895171584,3465560177,1570388594,1.4515255465989263,64672,0.019146393620264688,0.019146394095308255,0.10861710853807799
260,412,0,9,1895171584,3443802473,1548630890,1.4716538215264734,64628,0.020128274273774147,0.020128274927550132,0.12874553764387692
261,426,14,0,334221696,3705216063,3370994368,0.34947292903432015,4458,3.8778190987402477,3.8778191075078454,3.244857501151822
262,427,1,0,668443392,3697997013,3029553622,0.5035419050440808,29449,1.1540689751736064,1.154068976009759,2.3015710850175553
263,427,0,0,668443392,3696471511,3028028120,0.5042685429370621,65503,0.0007266376781842033,0.0007266378929837654,0.007865771965000391
264,427,0,0,668443392,3602723509,2934280118,0.549640543046344,63507,0.045372000082333615,0.04537200010928179,0.20864740318672345
265,427,0,0,668443392,3589828723,2921385332,0.555994483190343,65248,0.00635393998340348,0.006353940143997679,0.04615009879067756
266,427,0,0,668443392,3548327719,2879884328,0.5766362797531386,64605,0.02064179614962298,0.020641796562795345,0.1397040791437606
267,430,3,0,587078376,2878470711,2291392336,0.9064226455809923,6518,3.329786363261436,3.329786365827855,1.4174136926158085
268,431,1,1,200829856,3610226971,3409397116,0.3331304961056212,24378,1.426707850047756,1.426707850524629,3.1515320682643937
269,431,0,1,200829856,2750334317,2549504462,0.7524302831209511,49007,0.4192997866511253,0.41929978701532983,1.5776081058287286
270,431,0,1,200829856,2678792893,2477963038,0.7934924780234418,63697,0.04106219439037366,0.041062194902490454,0.19651266273851714
271,436,5,0,656008192,3772216111,3116207920,0.46285564973048565,5151,3.6693631752767097,3.669363171707042,1.0203973494354621
272,437,1,0,1312016384,3300348755,1988332372,1.11108820633887,20908,1.6482325560401074,1.6482325566083842,3.0457020049123065
273,437,0,3,1344034640,4054205447,2710170808,0.6642633659884751,11166,2.5531751592196925,2.553175159649608,2.9071996889423763
274,442,5,0,616735300,2254019887,1637284588,1.3913420373892897,9898,2.727078673132997,2.7270786714008124,3.1165177920249683
275,443,1,0,1233470600,3625540983,2392070384,0.8443873061625631,47874,0.4530452683499462,0.45304526877327556,1.6751869068542118
276,443,0,1,319457552,2830810253,2511352702,0.7741824867022054,34402,0.9297951803427293,0.9297951805396424,2.010330894694707
277,443,0,1,319457552,2277236627,1957779076,1.133429171645023,51090,0.359246684712939,0.3592466849428167,1.1240833477882588
278,443,0,1,319457552,2237116734,1917659183,1.1633008066204376,64193,0.029871634876919802,0.029871634975414035,0.182466908136489
279,445,2,0,638915104,3887254659,3248339556,0.4029446975569897,55506,0.23964389038640233,0.23964389093655372,1.1096330034381066
280,448,3,0,265391768,2465713567,2200321800,0.9649326107577885,5549,3.5619879123488682,3.561987913200797,1.9763614022086586
281,449,1,1,1853038640,4182151247,2329112608,0.8828667533194832,17343,1.9179341422619667,1.917934142561695,2.5043361989129123
282,449,0,1,1853038640,4118215798,2265177159,0.9230232584725542,63737,0.04015650511544245,0.04015650515307182,0.199669789606246
283,449,0,1,1853038640,3294628130,1441589491,1.5749867467706302,41708,0.6519634872994468,0.6519634882980757,1.7373330519046732
284,449,0,1,1853038640,3294012216,1440973577,1.57560326482486,65508,0.0006165175324262582,0.0006165180542280562,0.006915673386466204
285,449,0,1,1853038640,3289174963,1436136324,1.5804544437720587,65316,0.004851178553749898,0.004851178947201165,0.03868550397139615
286,449,0,1,1853038640,3287268470,1434229831,1.5823709159240664,65449,0.0019164711534089207,0.0019164721520051296,0.01789864275910459
287,453,4,0,23928672,3695115847,3671187176,0.22640047368935612,20969,1.6440295587032652,1.6440295577652897,1.4455310758038145
288,457,4,0,1587850816,3477221551,1889370736,1.1847413280832697,2108,4.958340848362785,4.958340854393914,2.4647950216410757
289,457,0,1,1028217984,2883223943,1855005960,1.2112233238853811,32172,1.0264819952962827,1.0264819958021114,1.297836818130218
290,460,3,0,59346264,2886011231,2826664968,0.6035462489247401,24966,1.3923229262340848,1.392322925039359,1.0416462957387396
291,461,1,0,1892086644,3342080889,1449994246,1.5665999707967941,16809,1.9630537220486535,1.9630537218720567,2.004818886109575
292,461,0,1,1636689640,3404976383,1768286744,1.280294906010841,39961,0.7136949342924553,0.7136949352140457,2.06737358881189
293,461,0,1,1636689640,3403843142,1767153503,1.2812197816204431,65494,0.0009248751246666447,0.0009248756096004346,0.01010426683055593
294,461,0,1,1636689640,3397910925,1761221286,1.28607096020734,65316,0.004851178553749898,0.004851178586897629,0.034927340522609915
295,461,0,2,1125895632,4274250673,3148355042,0.4480489023570051,58576,0.1619779416954545,0.16197794214966482,0.7863736596471205
296,461,0,3,104307616,3033503787,2929196172,0.5521423304358031,30487,1.1040934280583858,1.1040934280787975,2.7019877608231915
297,461,0,3,104307616,2747583561,2643275946,0.7003201023642589,59139,0.148177771771453,0.14817777192845663,0.6087403629579298
298,461,0,3,104307616,2575844837,2471537222,0.7972385120060324,61278,0.0969184093033488,0.09691840964177603,0.37364219852503217
299,466,5,0,417230464,4247177883,3829947420,0.16532255997994483,25389,1.3680840479721161,1.3680840479739096,2.033757030755968
300,467,1,0,834460928,3798205333,2963744406,0.5352261113578862,25357,1.3699035508857533,1.369903551377942,2.024935354181148
301,469,2,0,1832206124,3624309143,1792103020,1.2609935721388155,9907,2.72576746321007,2.7257674607809306,1.7748966499096501
302,473,4,0,583439040,2649432799,2065993760,1.0558112492312155,4722,3.7948176737713575,3.7948176770924005,2.7699194964843166
303,475,2,1,180784424,4051244167,3870459744,0.1501422021260268,15347,2.09433095235462,2.0943309528948095,2.6614835996619157
304,475,0,1,180784424,4028329457,3847545034,0.158708933183906,65148,0.008566730749559787,0.008566731057880693,0.0692016830107725
305,475,0,1,180784424,4017527023,3836742600,0.16276516558172105,65352,0.004056232235047779,0.00405623239781261,0.030555990807391454
306,475,0,1,180784424,4015887789,3835103366,0.16338168338177184,65508,0.0006165175324262582,0.0006165178000515397,0.006904793205768618
307,475,0,1,180784424,3996752065,3815967642,0.17059820814098003,65209,0.007216524716623124,0.007216524759208774,0.059444954094817024
308,475,0,1,180784424,2317600532,2136816109,1.0071843887174765,36698,0.8365861805075562,0.836586180576498,1.8448001666302332
309,477,2,2,451244808,3396148847,2944904040,0.5444265215578845,11290,2.5372421343396367,2.5372421328404084,3.282059313922157
310,480,3,0,902489616,2424101257,1521611642,1.4970469564590587,16931,1.95262043443289,1.952620434901171,2.9338433586924877
311,481,1,0,1804979232,3809895741,2004916510,1.0991049857010573,43176,0.6020580280273616,0.6020580292420019,1.0864279187529335
312,481,0,0,1804979232,3807387147,2002407916,1.1009112465431699,65454,0.0018062601543034325,0.0018062608421103342,0.017962284173527313
313,481,0,0,1804979232,3735248397,1930269166,1.1538451081694987,63175,0.05293386128050021,0.05293386162633073,0.28963805605399523
314,481,0,1,1462474816,4248723633,2786248818,0.6243230465577483,47299,0.4704779381605435,0.4704779383882464,1.2148538450508723
315,484,3,0,247099464,3357821103,3110721640,0.4653978435744044,18292,1.8410747961930365,1.841074797016656,1.3646631953989359
316,484,0,0,247099464,2194718028,1947618565,1.1409359882372812,41032,0.6755381440226824,0.67553814466288,2.0988202408967545
317,484,0,0,247099464,2163335502,1916236039,1.164371865043627,64480,0.023435876584670282,0.023435876806343292,0.15014699643271318
318,485,1,0,494198928,2369265831,1875066904,1.1957050728868204,32064,1.0313332068047916,1.0313332078431945,1.7421445371523534
319,485,0,0,494198928,2297508815,1803309888,1.2519998094402958,63028,0.05629473648824022,0.056294736553476665,0.3178387557362653
320,486,1,0,988397856,3947778629,2959380774,0.5373518106109927,53775,0.2853520008022144,0.2853520011706951,1.0078103529527138
321,486,0,0,988397856,2206676875,1218279020,1.8178025573752095,26979,1.2804507459144787,1.2804507467642183,2.9414921234168103
322,489,3,0,1952432608,3837552831,1885120224,1.1879906113592256,12676,2.370188055617766,2.370188053984016,1.209425385154016
323,489,0,1,1757381568,3919735505,2162353938,0.9900444606816379,37587,0.8020538489334347,0.80205384932241,2.1106358582733447
324,489,0,2,1367279488,3473146151,2105866664,1.0282330530858736,31912,1.0381885919128366,1.038188592404237,1.8667277510085627
325,489,0,3,587075328,3328403707,2741328380,0.6477719890206721,42656,0.6195389349110269,0.6195389359347979,1.4734842513642488
326,489,0,3,587075328,2225991148,1638915821,1.389905390261326,39181,0.7421334010831802,0.742133401240656,1.1874165537872658
327,489,0,3,587075328,2223890486,1636815159,1.391755734556341,65452,0.0018503435436362735,0.0018503442950136939,0.01589386746369
328,489,0,3,587075328,2212926102,1625850775,1.4014522969937566,65097,0.009696562234005312,0.009696562437414548,0.06423039895677246
329,489,0,3,587075328,2212454740,1625379413,1.4018706196502926,65517,0.000418322449221962,0.0004183226565365531,0.00492328406377429
330,489,0,3,587075328,2212057918,1624982591,1.4022228838803414,65520,0.0003522634716290214,0.0003522642300490589,0.004227909891679893
331,489,0,3,587075328,2202561330,1615486003,1.4106788952495002,65153,0.008456010567704154,0.008456011369159893,0.05597662559187088
332,495,6,1,743205216,4043198223,3299993008,0.3801841783106532,8367,2.9695052802505315,2.9695052830611504,3.473286556426583
333,495,0,1,743205216,4020690030,3277484815,0.3900580497390784,65089,0.00987387101285464,0.009873871428428377,0.07207806604382064
334,498,3,2,1483965472,3767642639,2283677168,0.9112884274689073,2854,4.521230380524236,4.521230377729826,1.4523460927592085
335,498,0,2,1483965472,3504693604,2020728133,1.0877719101724104,57990,0.17648348218024573,0.17648348270350547,0.5196001640084644
336,498,0,2,1483965472,3504169428,2020203957,1.08814619318591,65519,0.0003742827947452993,0.00037428301349868984,0.004463541174757649
337,498,0,2,1483965472,3380372749,1896407278,1.1793783110753715,61520,0.09123211715081113,0.0912321178894609,0.39817338883257847
338,498,0,2,1483965472,3240318256,1756352785,1.2900644890385138,60696,0.11068617761560536,0.11068617796314272,0.5102632567845524
339,498,0,3,820447296,2164458099,1344010804,1.6761024105647948,25075,1.3860379196130945,1.38603792152628,2.861062515657852
340,498,0,3,820447296,2153404299,1332957004,1.6880169005578907,64997,0.011914489771068104,0.011914489993095783,0.08563928186875287
341,502,4,0,1640894592,4033366917,2392472326,0.8441449090238464,58814,0.15612800745587846,0.1561280084659568,0.5771989144743153
342,502,0,0,1640894592,3960756024,2319861433,0.8886085113048559,63547,0.04446360202257721,0.04446360228100791,0.20748648309804332
343,504,2,0,308207248,2328174483,2019967236,1.0883152534543257,14266,2.199706741776582,2.199706742149471,1.16983628290177
344,504,0,0,308207248,2300681032,1992473785,1.108086403228004,64644,0.019771149439748312,0.019771149773677207,0.11061673751089246
345,505,1,0,616414496,4270276255,3653861760,0.23322509385872792,60091,0.12513868987455395,0.12513869063072627,0.4306813490829556
346,506,1,2,1666607952,3242871071,1576263120,1.4461387671619654,3534,4.212913675448383,4.212913673303236,3.4432332297485817
347,511,5,0,1229788792,3756004431,2526215640,0.7656693519079738,13129,2.319530586168156,2.3195305847460093,1.1536830945135406
348,511,0,1,312093936,4100800643,3788706708,0.18094168399537125,49144,0.415272332036079,0.4152723320873962,1.416648862716774
349,513,2,0,784604616,3094388365,2309783750,0.8948893581847841,19977,1.7139476744616864,1.7139476741894144,1.6441947413132867
350,513,0,0,784604616,2789946347,2005341732,1.0987990374872751,56898,0.20390967865318915,0.20390967930249054,0.8215389884690921
351,513,0,2,932594636,3746609027,2814014392,0.6100174388984492,22991,1.5112184026038868,1.511218401411175,1.6909142331131453
352,513,0,2,932594636,2994971424,2062376789,1.0583392139078178,48031,0.4483217748145872,0.448321775009366,1.7425635575322016
353,521,8,0,85495872,3797371263,3711875392,0.2104988661412186,1843,5.152159644369287,5.152159652233404,3.5183393989818113
354,523,2,2,1182506128,4294464159,3111958032,0.46482454180587496,3434,4.254325675997866,4.2543256756646555,3.2795184099464523
355,527,4,0,435057216,2963143235,2528086020,0.7646015928958398,13310,2.299777049200746,2.2997770510899653,3.477710271176183
356,528,1,0,870114432,3727944091,2857829660,0.5877272183823194,37042,0.8231256246551745,0.823125625486479,1.7821139254552703
357,528,0,0,870114432,2748574029,1878459598,1.1930970592551695,43077,0.6053698402951945,0.6053698408728502,2.077479235061985
358,530,2,4,1836545664,3313264383,1476718720,1.5402520930365746,805,6.347155026998021,6.347155033781405,0.3321400892987319
359,537,7,1,996559792,2275709711,1279149920,1.747461783932419,3548,4.207209705698936,4.207209690895845,3.021366678964299
360,545,8,1,637066752,3490170623,2853103872,0.5901148744213458,571,6.842653064637157,6.842653090488927,1.3117589071159121
361,547,2,0,1274133504,3450443661,2176310158,0.9807629683217485,24995,1.3906480934291146,1.3906480939004013,2.906858497628576
362,549,2,0,801566720,3416220595,2614653876,0.7160271687302675,19684,1.7352641988698607,1.7352642004085201,3.259118650381404
363,551,2,1,965954488,2200510303,1234555816,1.7986550817922264,3868,4.082627920523159,4.082627913061957,3.4132748420236663
364,556,5,1,1510197312,3389760319,1879563008,1.1922498668097212,3118,4.393594787302216,4.3935947850174975,3.920314405661572
365,562,6,0,652652896,2980998271,2328345376,0.8833420691743648,2537,4.6910921959360605,4.6910922023646435,2.948711182130716
366,563,1,1,463127936,3510980915,3047852980,0.4948538331236172,21447,1.6115117623674167,1.6115117639492493,2.2554880666835153
367,567,4,1,469826448,3444757167,2974930720,0.5297910745935752,3998,4.0349372432553725,4.034937241469958,3.411651997365236
368,572,5,0,1233079216,3573222463,2340143248,0.876050301310265,3222,4.3462592212934315,4.346259226716692,2.1166695138880756
369,572,0,1,318674784,3995859103,3677184320,0.22404565212544725,51490,0.3479953503151806,0.34799535081518035,1.372649254951331
370,572,0,1,318674784,2834114392,2515439609,0.7718365923839912,44831,0.5477909399566538,0.5477909402585442,1.6572241425888556
371,572,0,3,392499708,2906711075,2514211368,0.7725412047887268,16376,2.0007046129765893,2.0007046124047343,2.6745707996717485
372,577,5,0,1424769316,3873608731,2448839416,0.8105489745358376,15958,2.0380077690711023,2.038007769747111,2.5885687116814666
373,578,1,1,1318418076,3909996851,2591578776,0.7288158981459496,17339,1.9182669246960329,1.9182669236101149,1.4287138404927584
374,578,0,1,1318418076,3307538619,1989120544,1.1105164374834402,50301,0.38170053889489386,0.381700539337489,1.5407621439854473
375,578,0,2,489352504,3420403695,2931051192,0.5512289805111621,48285,0.4407125429138034,0.4407125430277233,1.3861990144973668
376,585,7,0,1413246592,3617259679,2204013088,0.9625143549827833,1540,5.411285364417736,5.411285374471621,2.3632308339764916
377,587,2,0,1603447876,3617515499,2014067624,1.0925350221667642,14972,2.1300206671000383,2.1300206671839805,2.0187617670303237
378,587,0,1,1059412104,2822520311,1763108208,1.2845261254938478,28685,1.1919911024606689,1.191991103327082,2.0743509350578626
379,591,4,1,1669541552,3863526543,2193984992,0.9690934890243312,5097,3.684567362094623,3.684567363530485,3.4297648952723323
380,591,0,1,1669541552,3798312267,2128770716,1.0126265765444273,63588,0.04353308723550806,0.0435330875200945,0.2714468618744957
381,595,4,0,471430528,3329107719,2857677192,0.5878041896232773,10997,2.5751776126481998,2.5751776130788495,3.617306770331922
382,595,0,0,471430528,2815662453,2344231926,0.873531836519021,53761,0.285727646738209,0.285727646895746,0.9876934662041474
383,595,0,2,1314582024,3547211111,2232629088,0.9439035533174547,15604,2.070371716975438,2.0703717167984306,2.246833211546214
384,595,0,2,1314582024,3501765444,2187183421,0.9735729336428136,64202,0.029669380032272166,0.029669380325361993,0.21317479037091466
385,595,0,3,481680400,2298481715,1816801316,1.2412464898397957,27219,1.2676735558695607,1.2676735561969803,1.9800189954350058
386,599,4,0,963360800,4050891769,3087530970,0.47619353804797626,55687,0.2349470473649712,0.2349470482081815,0.8128364017201777
387,600,1,1,1885638068,3876590503,1990952436,1.1091883906341735,10565,2.632994853177697,2.632994852586197,2.1020924448696987
388,600,0,2,1623792488,3754247693,2130455206,1.0114854276405474,35064,0.9022970364753454,0.9022970370063738,2.0920723856408463
389,600,0,2,1623792488,3270201092,1646408605,1.3833247183640793,50646,0.3718392903786182,0.37183929072353106,1.5213976454615212
390,600,0,5,696073360,3033041047,2336967688,0.8780093591263878,11628,2.4946846438637627,2.4946846407623107,3.386491191809695
391,600,0,5,696073360,3019169580,2323096221,0.8865982352227526,65147,0.00858887580563895,0.008588876096364285,0.057836927772069724
392,613,13,0,883078912,3750650879,2867571968,0.5828174517259797,316,7.696219251822897,7.696219216503225,2.011998422569069
393,613,0,0,883078912,2262914146,1379835235,1.6381511397638917,31535,1.055333687241495,1.0553336880379145,1.8528382921385087
394,613,0,0,883078912,2169200055,1286121144,1.7396206047347285,61085,0.10146946434110483,0.10146946497083476,0.4486556149060131
395,617,4,0,1882256496,4000148847,2117892352,1.0200178839651528,6745,3.28039727216437,3.280397279230425,2.8990777635890206
396,617,0,0,1882256496,3994041033,2111784538,1.0241844996771832,65347,0.004166615255697727,0.004166615712029891,0.030715305622944923
397,617,0,1,1617029344,4217254279,2600224936,0.7240107150619153,40347,0.6998262145069993,0.6998262153847314,1.3361261557209452
398,617,0,2,1086575040,3976278141,2889703102,0.5717258731063701,36416,0.8477151576934181,0.8477151580444557,1.8480207363639014
399,623,6,2,1987287232,4146098623,2158811392,0.9924099405006181,765,6.420684062419986,6.42068406739425,3.231305463287874
400,623,0,2,1987287232,3945752387,1958465156,1.1329236851813889,59454,0.1405137442721625,0.14051374468077066,0.5029429571741126
401,623,0,3,1827090816,3940772463,2113681648,1.0228890443345335,35365,0.889965359147393,0.8899653591531421,1.4196814879142328
402,627,4,1,557190704,3726036059,3168845356,0.4386898900726095,24563,1.4158008455402293,1.415800845738078,1.9024204448536726
403,627,0,1,557190704,2386955198,1829764495,1.2309891716900339,37842,0.7922992814077011,0.7922992816174245,2.049530753054488
404,627,0,1,557190704,2360459127,1803268424,1.2520329821053586,64587,0.021043810375024497,0.021043810415322193,0.13386546752039274
405,629,2,0,1114381408,3573899097,2459517690,0.8042717143786042,44693,0.5522387321316148,0.5522387322732467,1.5566216168641076
406,629,0,0,1114381408,3546427677,2432046270,0.8204764695083355,64804,0.016204754839718692,0.0162047551297303,0.09387312002378259
407,629,0,1,81279168,3073019679,2991740512,0.521662097220478,40309,0.7011856277089952,0.7011856277121443,1.6539436262274008
408,631,2,0,162558336,2330127655,2167569320,0.9865690136872409,23741,1.464906916108624,1.464906916466764,2.962982220518572
409,632,1,0,325116672,3885320173,3560203502,0.270687437705444,53821,0.28411842379332597,0.2841184240182,0.8252810378340917
410,632,0,0,325116672,3133307583,2808190912,0.6130061268836968,51693,0.34231868902104745,0.3423186891782533,1.2084936545867868
411,632,0,0,325116672,2554238186,2229121515,0.9461718823503311,52022,0.33316575529851494,0.33316575546663607,1.2660645958341563
412,633,1,0,650233344,2295951961,1645718618,1.383929458564154,24192,1.4377575757789274,1.4377575762138206,2.6461282954702643
413,637,4,0,1613572000,3834247487,2220675488,0.9516485618001269,5527,3.567719102785839,3.567719103235973,2.296403029855506
414,640,3,0,152708760,4095546279,3942837520,0.1234128862198105,14545,2.171764324012331,2.171764324419684,3.0312929815517227
415,640,0,0,152708760,3663877284,3511168525,0.2906959033277019,58361,0.16728301679240398,0.16728301710789242,0.5383335997703856
416,641,1,0,305417520,3529203415,3223785896,0.41389121388358774,30086,1.1231953105146124,1.1231953105558843,1.9768692009958115
417,641,0,0,305417520,3377744113,3072326594,0.48331556065132375,62457,0.06942434646616877,0.06942434676773689,0.4075680990878795
418,642,1,0,610835040,3443042357,2832207318,0.6007202712343336,30207,1.1174047101363305,1.1174047105830094,1.5932565461215351
419,642,0,0,610835040,2830800519,2219965480,0.9521099028707951,51369,0.35138963142760693,0.3513896316364635,1.1715117819895993
420,642,0,0,610835040,2485963351,1875128312,1.1956578257372854,55356,0.24354792221318797,0.24354792286648874,1.1075021642767962
421,642,0,0,610835040,2470713055,1859878016,1.2074391437572807,65003,0.011781317921045332,0.011781318019995548,0.08814595367610759
422,643,1,1,295856512,3269572603,2973716092,0.5303802296978724,26196,1.3229410842880527,1.322941085940591,2.5386354806872724
423,643,0,1,295856512,3155544457,2859687946,0.5867894197515504,63023,0.05640918976839235,0.056409190053678976,0.31269058544964423
424,646,3,0,685235424,3897148115,3211912692,0.4192144687657837,18402,1.8324250480118243,1.8324250490142324,1.6861818873969228
425,646,0,2,681936048,4227312087,3545376040,0.2767084911098898,18085,1.8574940224568635,1.8574940223441052,2.750890775042788
426,651,5,0,1607976800,3454671079,1846694280,1.217702097903814,4267,3.9409936047988885,3.940993606793927,1.6000996071388078
427,651,0,0,1607976800,3267538865,1659562066,1.3718445602034386,58895,0.15414246146096813,0.15414246229962267,0.7409017781296692
428,651,0,1,1068469952,3889695075,2821225124,0.6063253534260689,55705,0.23448079285904566,0.23448079322263018,0.6502148676710671
429,651,0,1,1068469952,3520812657,2452342706,0.8084865414963183,56967,0.20216118754518955,0.20216118807025069,0.7821526391458671
430,651,0,1,1068469952,2570499922,1502029971,1.5157335458235508,40140,0.7072470037500206,0.7072470043272333,1.9583248814382481
431,651,0,1,1068469952,2388361369,1319891418,1.7022278960938415,57589,0.18649434977208548,0.18649435027028824,0.8796232743914093
432,651,0,1,1068469952,2387898150,1319428199,1.70273430218176,65513,0.0005064057914389884,0.0005064060879195743,0.005846804239113502
433,653,2,0,2136939904,3596653985,1459714082,1.5569613336728665,36252,0.854227030550903,0.8542270314911056,2.0406827073481972
434,653,0,0,2136939904,3427397892,1290457989,1.7347639709111249,57937,0.17780263720874592,0.17780263723825787,0.6958789680896249
435,653,0,0,2136939904,3426846548,1289906645,1.7353804894110638,65508,0.0006165175324262582,0.0006165184999420745,0.006864280784625221
436,653,0,0,2136939904,3426374170,1289434267,1.7359089169659292,65512,0.0005284274673163702,0.0005284275548638008,0.006017359584538874
437,653,0,0,2136939904,3423403213,1286463310,1.7392368340923277,65385,0.003327916037484043,0.0033279171263972816,0.02824277478346026
438,653,0,0,2136939904,3419614647,1282674744,1.7434917625759638,65343,0.004254927753445953,0.004254928483637468,0.03721123378441689
439,653,0,1,2126396160,3282987669,1156591510,1.8927677288936984,29547,1.149275963984707,1.1492759663177354,2.287059468522242
440,653,0,2,2105308672,3735330415,1630021744,1.3977559363109222,46181,0.5049882069872714,0.5049882074172232,1.726966451816327
441,653,0,2,2105308672,3266763831,1161455160,1.8867136885474842,46697,0.48895775197484986,0.48895775223656157,1.6803435758704388
442,660,7,0,1661581472,3523992991,1862411520,1.2054752587956514,3284,4.318761588222195,4.318761570248169,1.422687225253122
443,660,0,0,1661581472,3391365510,1729784039,1.312055215268611,60869,0.10657995607874635,0.1065799564729567,0.4431517278016766
444,660,0,0,1661581472,3310704193,1649122722,1.3809483828763796,62480,0.06889316697065834,0.06889316760776905,0.276129232088096
445,660,0,0,1661581472,3231413639,1569832168,1.4520368183215595,62385,0.07108843474512525,0.07108843544518222,0.38636293400031746
446,660,0,1,1175679296,4263986815,3088307520,0.47583072906528656,64464,0.023793909851401486,0.02379391074372607,0.12292470559149331
447,667,7,0,1233094592,3998698111,2765603520,0.6350528010687562,917,6.159222076404945,6.159222072003469,2.7513235239983107
448,667,0,0,1233094592,3997643116,2764548525,0.6356032510602709,65511,0.0005504494793435254,0.0005504499915162939,0.00607310101373693
449,669,2,2,494330384,2350411551,1856081168,1.2103873438938422,2750,4.574784096700616,4.574784092833571,1.385739014044356
450,672,3,0,988660768,3919035007,2930374240,0.5515622220780791,51734,0.3411748774481536,0.3411748781842365,1.1668609228827838
451,672,0,0,988660768,3880670427,2892009660,0.5705747747721439,64678,0.019012552564964463,0.019012552694062743,0.11458907897141288
452,672,0,0,988660768,3705744793,2717084026,0.6605879643261154,61572,0.09001318908742784,0.09001318955397268,0.3342896779360539
453,673,1,1,719885868,4077932403,3358046536,0.3550249226502835,20249,1.6944369584120123,1.694436958324168,0.9018397843589958
454,673,0,1,719885868,4039092692,3319206825,0.37180861719854974,64778,0.016783694377100106,0.016783694548264953,0.10634020737507877
455,673,0,1,719885868,3332565970,2612680103,0.7171166543708303,51586,0.34530803679950883,0.3453080371722807,1.1495830502187752
456,673,0,1,719885868,3217192797,2497306930,0.7822740002877175,62642,0.06515734549688916,0.065157345916889,0.34435753793621526
457,673,0,1,719885868,2163298482,1443412615,1.5731633773537617,37879,0.7908893760773094,0.7908893770660448,1.5369969975273514
458,675,2,0,1439771736,3416711375,1976939640,1.119378322696761,44880,0.5462149445038448,0.5462149453429997,1.3382959584164222
459,675,0,1,732059824,2722031047,1989971224,1.109899577200924,32984,0.9905212541119351,0.9905212545041621,1.7485499757783312
460,675,0,1,732059824,2178900320,1446840497,1.5697412613734016,47649,0.4598416835489023,0.4598416841724768,0.8992454157395767
461,677,2,0,1464119648,4201539393,2737419746,0.6498304767318928,61997,0.08008921446455035,0.0800892153584929,0.33642248320200896
462,677,0,0,1464119648,3543290525,2079170878,1.0466388141221614,49777,0.3968083370087472,0.3968083373902667,0.9242259301998935
463,677,0,0,1464119648,3496114513,2031994866,1.0797503889852038,64049,0.03311157457220427,0.033111574863042566,0.21996660947513594
464,677,0,0,1464119648,3463775483,1999655836,1.1028954292249153,64493,0.023145039966229634,0.02314504023970992,0.12391135884722818
465,677,0,0,1464119648,3436375413,1972255766,1.1228004906402234,64638,0.019905060893029493,0.019905061415308966,0.13923684518074736
466,682,5,4,57131008,3292862975,3235731968,0.4085550390037085,210,8.285754482333877,8.285754548363485,1.99526616559236
467,682,0,5,603710328,3162039911,2558329584,0.7474450105772519,25908,1.3388899712563385,1.338889971573544,1.6393125314971297
468,682,0,5,603710328,3018344671,2414634344,0.8308424124552403,61855,0.08339740142273247,0.08339740187798983,0.33146473878211724
469,688,6,0,1207420656,3749757675,2542337020,0.7564918549100312,34501,0.9256494419182173,0.9256494424547904,1.9730487719445007
470,692,4,0,553918832,4251976447,3698057616,0.215879443805445,5958,3.45938759175047,3.459387588895414,2.2056016379049987
471,692,0,0,553918832,4207906271,3653987440,0.23317547107429704,64755,0.017296026930027398,0.017296027268850326,0.1019277524298688
472,692,0,0,553918832,4203278570,3649359739,0.23500377308796416,65453,0.001828301680591821,0.0018283020136673931,0.01752377520777712
473,694,2,0,2068894436,4015858151,1946963716,1.1414211480544694,8741,2.9064173769720916,2.906417374966505,2.028071814639852
474,695,1,1,854319748,3231935103,2377615356,0.8531318072446865,20008,1.71171065781903,1.7117106591902158,1.7396082981701064
475,698,3,0,1608279012,3494089043,1885810032,1.187462793274932,12995,2.334330986640437,2.334330986030246,1.3697210635961499
476,698,0,1,1069074376,3439228193,2370153818,0.8576664559767799,41184,0.6702036617792982,0.670203662701848,1.7665102954465692
477,698,0,1,1069074376,3348597006,2279522631,0.9139154137273167,63030,0.05624895771843553,0.056248957750536024,0.23829520309191238
478,698,0,1,1069074376,3348040481,2278966106,0.9142676777814529,65520,0.0003522634716290214,0.0003522640541383171,0.004227909891679893
479,700,2,0,103021716,2194971835,2091950120,1.0377986933230297,30079,1.1235310161684573,1.1235310155415759,1.343980904106967
480,703,3,0,117628920,2366373151,2248744232,0.9335275650264379,8806,2.8957288710631066,2.8957288717034095,1.4965953184367253
481,704,1,0,235257840,3782890683,3547632844,0.2757904378261067,51695,0.3422628722902443,0.3422628727996665,0.8083393404371012
482,705,1,2,1732062872,3696859039,1964796168,1.1282674939210153,4537,3.852477055649256,3.85247705609491,1.4041904625419
483,705,0,3,1316642096,3482606815,2165964720,0.9876374020035854,36123,0.8593699074381231,0.8593699080825702,1.8157371506077054
484,705,0,4,485800544,2282596775,1796796232,1.2572203385859027,27183,1.2695829352693286,1.269582936582317,2.2198579793950723
485,705,0,4,485800544,2266174031,1780373488,1.2704672234942649,64937,0.013246884811719163,0.013246884908361706,0.08827252149018402
486,705,0,9,949576672,2640409887,1690833216,1.3449127868670416,1945,5.0744455601264455,5.074445563372777,2.464832056117053
487,715,10,0,1899153344,3931218249,2032064906,1.0797006621768688,39381,0.7347878744542635,0.7347878753098268,1.3430774676142792
488,715,0,0,1899153344,3505804270,1606650927,1.4185906336719434,51816,0.3388899712563386,0.33888997149507616,1.3450511121966326
489,715,0,1,1650823040,3629129667,1978306628,1.1183810918021742,40348,0.6997904577676484,0.6997904581302297,1.3364475996614427
490,715,0,1,1650823040,3605765266,1954942227,1.1355211727788905,64762,0.01714008037017725,0.01714008097671698,0.10858194069169173
491,715,0,1,1650823040,3500733656,1849910617,1.215191580961946,62015,0.07967040804390772,0.07967040818305345,0.34507549298149987
492,715,0,2,1154162432,3822667527,2668505096,0.6866153795940448,47268,0.47142379766480075,0.4714237986321017,1.4627873756385612
493,721,6,2,373004800,3523612863,3150608064,0.4470168519225659,1209,5.760401470750876,5.760401472328519,2.4936205376361693
494,725,4,0,1291078552,4177661659,2886583108,0.5732843832443706,15011,2.1262675311011945,2.1262675313218065,1.416872089422496
495,725,0,1,434673456,3301171695,2866498240,0.5833577527766387,32540,1.0100733694401098,1.010073369532266,1.687283617986162
496,727,2,0,869346912,3735407757,2866060846,0.583577907910314,32763,1.0002201545899938,1.0002201551336751,1.8032426845000447
497,727,0,0,869346912,3730728366,2861381455,0.5859353077189517,65429,0.0023573993620059253,0.0023573998086391344,0.020025011025279656
498,727,0,0,869346912,3729986125,2860639214,0.5863095906786953,65519,0.0003742827947452993,0.0003742829597424608,0.004463541174757649
499,727,0,0,869346912,3723656890,2854309979,0.5895051255371726,65391,0.003195534403982369,0.003195534858478142,0.030342798731397943
500,727,0,0,869346912,3531238349,2661891438,0.6901954121241154,61118,0.10069028645665688,0.10069028658694212,0.3617885808201266
501,728,1,0,1738693824,4148677137,2409983314,0.8336239883106948,29667,1.1434285751270992,1.1434285761865814,1.7484729601658173
502,730,2,2,1998199408,3302626399,1304426992,1.7192309463789357,2217,4.885606945132693,4.885606958068237,3.717539515304142
503,730,0,2,1998199408,3299023779,1300824372,1.7232209531728593,65355,0.003990006476313711,0.003990006793923608,0.02966504431918513
504,735,5,0,179475728,2198357695,2018881968,1.0890905786621943,12714,2.365869626906674,2.365869625489336,2.004753542064705
505,735,0,0,179475728,2195831628,2016355901,1.0908968388769367,65454,0.0018062601543034325,0.0018062602147433042,0.017110300974218635
506,735,0,0,179475728,2192570310,2013094583,1.0932321887473222,65430,0.002335349750730934,0.0023353498703848853,0.02115825678339153
507,735,0,0,179475728,2191802375,2012326648,1.0937826384846723,65511,0.0005504494793435254,0.0005504497373507762,0.006116351545599367
508,736,1,0,358951456,2621774941,2262823486,0.9245230960110291,36847,0.8307404573394152,0.8307404575263571,1.8988366723164969
509,739,3,0,530472648,2250516815,1720044168,1.3202015344954177,6227,3.3956784361227275,3.395678438484387,1.7801504946320523
510,746,7,0,46240896,3264604671,3218363776,0.41631974096864965,958,6.09611815426382,6.096118206473233,0.9310012701041911
511,746,0,0,46240896,3263671612,3217430717,0.4167380637112572,65517,0.000418322449221962,0.00041832274260842576,0.004904285154810719
512,746,0,0,46240896,3262886106,3216645211,0.4170903273864468,65520,0.0003522634716290214,0.0003522636751882398,0.004227909891679893
513,746,0,0,46240896,2263917905,2217677010,0.9535978842123924,45183,0.5365075564164479,0.5365075568259459,1.2432224147264375
514,747,1,0,92481792,3755154583,3662672792,0.22975032360344372,54119,0.2761524387186896,0.2761524393910504,0.6835838959915261
515,747,0,0,92481792,2825290845,2732809054,0.6522624861786248,48898,0.42251216241188244,0.4225121625751808,1.6345500052714552
516,749,2,0,369927168,4224282123,3854354956,0.15615770731204037,23108,1.5038952206598744,1.5038952211334184,2.3405371545410762
517,749,0,0,369927168,3048438027,2678510860,0.6812160005492878,45543,0.5250582929072816,0.5250582932372444,1.3207436068370308
518,749,0,0,369927168,2904695310,2534768143,0.7607933570660137,62019,0.07957735645860763,0.07957735651672586,0.3710699560852253
519,750,1,0,739854336,3268588789,2528734454,0.7642316005158136,32690,1.0034382433453717,1.0034382434498021,1.640795378691839
520,759,9,0,819363840,2281288703,1461924864,1.554777980496386,74,9.79054663437105,9.790546379980572,0.018725060719279794
521,759,0,0,819363840,2279794120,1460430281,1.5562536585459767,65469,0.0014756776637093812,0.0014756780495906135,0.014930379336660759
522,759,0,0,819363840,2279459854,1460096015,1.556583903066155,65521,0.00033024448458043404,0.0003302445201770482,0.0039922782726164955
523,759,0,0,819363840,2279036547,1459672708,1.557002225866274,65517,0.000418322449221962,0.0004183228001189166,0.004911765394612859
524,760,1,2,112459776,4239705735,4127245960,0.05746772882249118,23163,1.5004655016298571,1.5004655029562164,2.3832798324395976
525,760,0,2,112459776,3216710993,3104251218,0.4684018306610085,49292,0.4109341015727866,0.4109341018385191,1.025586718979678
526,760,0,2,112459776,2845258080,2732798305,0.6522681607644394,57694,0.18386632966189648,0.18386633010342895,0.607462988474784
527,760,0,2,112459776,2202548420,2090088645,1.0390830147172139,50123,0.3868148539233358,0.386814853952774,0.8639395679823857
528,763,3,0,224919552,3043171403,2818251852,0.6078466027140124,44184,0.5687635879289373,0.5687635879968005,1.1427088679997555
529,764,1,0,449839104,4271783553,3821944450,0.16834033637757528,44438,0.5604937329542273,0.5604937336635628,0.9333798886761885
530,764,0,0,449839104,3365109810,2915270707,0.5590172901992609,49989,0.3906769533905253,0.3906769538216833,1.0610316119748044
531,764,0,0,449839104,2455555669,2005716566,1.0985293973502586,45089,0.539512106727924,0.5395121071509974,1.146882857681605
532,765,1,0,899678208,3557705607,2658027400,0.6922911694506766,43425,0.5937617715148825,0.5937617721004199,1.803818297114504
533,765,0,0,899678208,3540873921,2641195714,0.7014559360817643,65121,0.009164766608617297,0.009164766631087793,0.05787181518312425
534,765,0,0,899678208,3539785781,2640107574,0.7020504310836237,65509,0.0005944945118882062,0.0005944950018582619,0.006576089058353385
535,765,0,2,1394066396,3951026051,2556959656,0.7482177482608883,15868,2.0461673178547195,2.0461673171772663,2.249743773124555
536,765,0,2,1394066396,3576393381,2182326986,0.9767798639042198,55934,0.2285621151973919,0.2285621156433311,0.7746095034697145
537,765,0,3,640649144,2795670401,2155021258,0.9949450453026536,32358,1.0181651807682837,1.0181651813984334,1.3943740450081366
538,769,4,0,1281298288,4095229395,2813931108,0.6100601377532264,42787,0.6151150921516966,0.6151150924505718,1.4035314987835386
539,773,4,0,764095104,4212122511,3448027408,0.31687590371302576,5019,3.706815769240491,3.7068157659598002,2.881413080609866
540,774,1,0,1528190208,3380368503,1852178296,1.2134241627644435,17602,1.896548258283911,1.896548259051419,3.1446768031542613
541,777,3,1,156978144,2515159247,2358181104,0.8649726270982683,5215,3.651548462592872,3.6515484643338247,2.8226019523239274
542,780,3,0,627912576,3436744619,2808832044,0.6126767858899989,19515,1.747704157673686,1.7477041587917301,3.0235280128446047
543,780,0,0,627912576,3424443978,2796531403,0.6190086151903351,65249,0.006331829206283435,0.006331829300335959,0.0440002044108514
544,781,1,1,364166656,2942731099,2578564444,0.7360790439020874,15107,2.117070426846368,2.1170704287117514,2.9941843842257003
545,783,2,0,728333312,3175246805,2446913494,0.8116840474502354,31095,1.0756050032820668,1.0756050035481488,2.9183567761815694
546,783,0,1,1979296678,4096300997,2117004320,1.0206229326738026,28350,1.2089388852830465,1.2089388852235667,1.1694109955577887
547,783,0,1,1979296678,3453279024,1473982347,1.5429278997680456,45630,0.5223049666669848,0.5223049670942423,1.7686735642499312
548,783,0,1,1979296678,3330117291,1350820614,1.6688110453514966,60060,0.12588314555548794,0.12588314558345282,0.5130856304953246
549,789,6,0,455964448,3718908575,3262944128,0.39647286190833597,4947,3.7276618158413766,3.7276618165568403,2.695632037911788
550,789,0,0,455964448,3703274962,3247310515,0.4034018011089877,65222,0.006928939164205971,0.006928939200650261,0.050459091271157136
551,790,1,0,603360304,3056482999,2453122696,0.808027752116633,24754,1.4046259512628236,1.4046259510076453,1.039121118637107
552,790,0,0,603360304,2897810100,2294449797,0.9044989053613932,61297,0.09647115323977257,0.09647115324476171,0.42056538630730855
553,790,0,0,603360304,2870046753,2266686450,0.922062308669414,64743,0.017563403114064534,0.017563403308020396,0.10898849488364576
554,793,3,0,2093542328,3334796647,1241254320,1.7908484071670543,4486,3.8687860949137276,3.868786098497638,1.308563033710232
555,793,0,0,2093542328,3329455556,1235913229,1.7970696879540995,65254,0.00622128040345171,0.006221280787045566,0.04279045773873135
556,793,0,1,2039601008,4292592975,2252991968,0.930804975692606,59734,0.1337352874715261,0.13373528773850638,0.49314799131770387
557,793,0,1,2039601008,4279976274,2240375267,0.9389067394027464,65169,0.008101763076563719,0.008101763710139872,0.06568257258368888
558,797,4,0,416284528,3736098415,3319813888,0.3715447810637009,12139,2.432638041893465,2.4326380416609545,1.711609016738768
559,797,0,0,416284528,2783050037,2366765510,0.8597303695221967,46722,0.48818558834896597,0.4881855884584971,0.9040999278753478
560,797,0,0,416284528,2768062737,2351778210,0.8688951361883817,65121,0.009164766608617297,0.0091647666661843,0.060348247755149645
561,797,0,0,416284528,2462284201,2045999674,1.0698412308027443,57015,0.2009460945295158,0.20094609461436458,0.5620494436442135
562,797,0,0,416284528,2160017220,1743732693,1.3004682481239485,55854,0.23062701702896857,0.2306270173212009,0.6281271772975981
563,800,3,1,1653008352,4191127071,2538118720,0.7588875934818944,5962,3.458419340008831,3.458419345357947,3.0761699999243284
